{
  "t5_in-domain_full_[base]": {
    "hit@1": 0.784,
    "hit@5": 0.8743333333333333,
    "hit@10": 0.9,
    "hit@20": 0.9203333333333333,
    "mrr@1": 0.784,
    "mrr@5": 0.8196611111111112,
    "mrr@10": 0.8231273809523808,
    "mrr@20": 0.8245643440552105,
    "recall@1": 0.784,
    "recall@5": 0.8743333333333333,
    "recall@10": 0.9
  },
  "t5_in-domain_full_[timeaware]": {
    "hit@1": 0.849,
    "hit@5": 0.9223333333333333,
    "hit@10": 0.9423333333333334,
    "hit@20": 0.956,
    "mrr@1": 0.849,
    "mrr@5": 0.8792611111111114,
    "mrr@10": 0.8818542328042331,
    "mrr@20": 0.8828271725880475,
    "recall@1": 0.849,
    "recall@5": 0.9223333333333333,
    "recall@10": 0.9423333333333334
  },
  "t5_in-domain_year-subset_[base]": {
    "hit@1": 0.6389452332657201,
    "hit@5": 0.7586206896551724,
    "hit@10": 0.7971602434077079,
    "hit@20": 0.8397565922920892,
    "mrr@1": 0.6389452332657201,
    "mrr@5": 0.6830966869506422,
    "mrr@10": 0.6881443381950479,
    "mrr@20": 0.6909720109719794,
    "recall@1": 0.6389452332657201,
    "recall@5": 0.7586206896551724,
    "recall@10": 0.7971602434077079
  },
  "t5_in-domain_year-subset_[timeaware]": {
    "hit@1": 0.7606490872210954,
    "hit@5": 0.8722109533468559,
    "hit@10": 0.9087221095334685,
    "hit@20": 0.9290060851926978,
    "mrr@1": 0.7606490872210954,
    "mrr@5": 0.8051048005409056,
    "mrr@10": 0.8100534466660225,
    "mrr@20": 0.811503408131197,
    "recall@1": 0.7606490872210954,
    "recall@5": 0.8722109533468559,
    "recall@10": 0.9087221095334685
  },
  "caqa_out-of-domain_full_[base]": {
    "hit@1": 0.47816349384098544,
    "hit@5": 0.6562150055991042,
    "hit@10": 0.7164779561196134,
    "hit@20": 0.7697731325950811,
    "mrr@1": 0.47816349384098544,
    "mrr@5": 0.5464255595647992,
    "mrr@10": 0.5545009917754811,
    "mrr@20": 0.5582326161553726,
    "recall@1": 0.47816349384098544,
    "recall@5": 0.6562150055991042,
    "recall@10": 0.7164779561196134
  },
  "caqa_out-of-domain_full_[timeaware]": {
    "hit@1": 0.5035460992907801,
    "hit@5": 0.6799386172286508,
    "hit@10": 0.7396209199120733,
    "hit@20": 0.7895151590560325,
    "mrr@1": 0.5035460992907801,
    "mrr@5": 0.5713201443324724,
    "mrr@10": 0.5794179433348369,
    "mrr@20": 0.5828865223834687,
    "recall@1": 0.5035460992907801,
    "recall@5": 0.6799386172286508,
    "recall@10": 0.7396209199120733
  },
  "caqa_out-of-domain_year-subset_[base]": {
    "hit@1": 0.43150123051681705,
    "hit@5": 0.5988515176374077,
    "hit@10": 0.6694011484823625,
    "hit@20": 0.7276456111566858,
    "mrr@1": 0.43150123051681705,
    "mrr@5": 0.4956248290948865,
    "mrr@10": 0.504978384572314,
    "mrr@20": 0.5090247140753251,
    "recall@1": 0.43150123051681705,
    "recall@5": 0.5988515176374077,
    "recall@10": 0.6694011484823625
  },
  "caqa_out-of-domain_year-subset_[timeaware]": {
    "hit@1": 0.47662018047579985,
    "hit@5": 0.6669401148482362,
    "hit@10": 0.7145200984413453,
    "hit@20": 0.7793273174733388,
    "mrr@1": 0.47662018047579985,
    "mrr@5": 0.5505195515449822,
    "mrr@10": 0.5570673333593761,
    "mrr@20": 0.5615045116185787,
    "recall@1": 0.47662018047579985,
    "recall@5": 0.6669401148482362,
    "recall@10": 0.7145200984413453
  }
}