{
  "base_only": {
    "hit@1": 0.4036095159967186,
    "hit@5": 0.571780147662018,
    "hit@10": 0.638228055783429,
    "hit@20": 0.7005742411812962,
    "hit@50": 0.7809680065627563,
    "mrr@1": 0.4036095159967186,
    "mrr@5": 0.4681159420289857,
    "mrr@10": 0.4769239032774722,
    "mrr@20": 0.4811460033268946,
    "mrr@50": 0.4837332710495357
  },
  "time_aware_only": {
    "hit@1": 0.4782608695652174,
    "hit@5": 0.6669401148482362,
    "hit@10": 0.7145200984413453,
    "hit@20": 0.7793273174733388,
    "hit@50": 0.8334700574241182,
    "mrr@1": 0.4782608695652174,
    "mrr@5": 0.5512715340442987,
    "mrr@10": 0.5578193158586925,
    "mrr@20": 0.5622564941178951,
    "mrr@50": 0.5640866207874408
  },
  "mrag_base": {
    "hit@1": 0.5726004922067268,
    "hit@5": 0.7350287120590648,
    "hit@10": 0.7678424938474159,
    "hit@20": 0.7924528301886793,
    "hit@50": 0.8096800656275636,
    "mrr@1": 0.5726004922067268,
    "mrr@5": 0.6374897456931913,
    "mrr@10": 0.6419729937367347,
    "mrr@20": 0.6437646804766546,
    "mrr@50": 0.644348815905279
  },
  "mrag_time_aware": {
    "hit@1": 0.5914684167350287,
    "hit@5": 0.7530762920426579,
    "hit@10": 0.793273174733388,
    "hit@20": 0.8244462674323215,
    "hit@50": 0.8465955701394585,
    "mrr@1": 0.5914684167350287,
    "mrr@5": 0.6553732567678425,
    "mrr@10": 0.6610740002864696,
    "mrr@20": 0.6634098967986183,
    "mrr@50": 0.6640950633162502
  }
}