{
  "base_only": {
    "hit@1": 0.412,
    "hit@5": 0.578,
    "hit@10": 0.646,
    "hit@20": 0.694,
    "hit@50": 0.784,
    "mrr@1": 0.412,
    "mrr@5": 0.47616666666666685,
    "mrr@10": 0.4850984126984128,
    "mrr@20": 0.48818043434893293,
    "mrr@50": 0.4911240401169155
  },
  "time_aware_only": {
    "hit@1": 0.468,
    "hit@5": 0.694,
    "hit@10": 0.748,
    "hit@20": 0.812,
    "hit@50": 0.87,
    "mrr@1": 0.468,
    "mrr@5": 0.5575999999999999,
    "mrr@10": 0.5645619047619048,
    "mrr@20": 0.5689414339702263,
    "mrr@50": 0.5708508818146514
  },
  "mrag_base": {
    "hit@1": 0.542,
    "hit@5": 0.724,
    "hit@10": 0.762,
    "hit@20": 0.792,
    "hit@50": 0.82,
    "mrr@1": 0.542,
    "mrr@5": 0.6123333333333334,
    "mrr@10": 0.6177341269841271,
    "mrr@20": 0.6199495400798032,
    "mrr@50": 0.6209313307767439
  },
  "mrag_time_aware": {
    "hit@1": 0.554,
    "hit@5": 0.748,
    "hit@10": 0.79,
    "hit@20": 0.826,
    "hit@50": 0.864,
    "mrr@1": 0.554,
    "mrr@5": 0.6278999999999998,
    "mrr@10": 0.6335976190476187,
    "mrr@20": 0.6361869156557235,
    "mrr@50": 0.6374426102997208
  }
}