{
  "base_only": {
    "hit@1": 0.717,
    "hit@5": 0.921,
    "hit@10": 0.954,
    "hit@20": 0.972,
    "mrr@1": 0.717,
    "mrr@5": 0.7992500000000003,
    "mrr@10": 0.8038055555555559,
    "mrr@20": 0.8050791087996974
  },
  "mrag_base": {
    "hit@1": 0.783,
    "hit@5": 0.943,
    "hit@10": 0.959,
    "hit@20": 0.975,
    "mrr@1": 0.783,
    "mrr@5": 0.8474833333333338,
    "mrr@10": 0.8497658730158734,
    "mrr@20": 0.8509611142942028
  },
  "time_aware_only": {
    "hit@1": 0.726,
    "hit@5": 0.926,
    "hit@10": 0.957,
    "hit@20": 0.984,
    "mrr@1": 0.726,
    "mrr@5": 0.8064666666666673,
    "mrr@10": 0.8107785714285719,
    "mrr@20": 0.8127023567505771
  },
  "mrag_time_aware": {
    "hit@1": 0.785,
    "hit@5": 0.942,
    "hit@10": 0.964,
    "hit@20": 0.978,
    "mrr@1": 0.785,
    "mrr@5": 0.8509166666666671,
    "mrr@10": 0.8538456349206353,
    "mrr@20": 0.8548893120768124
  }
}